term,estimate_pp_per_step,lower_pp_per_step,upper_pp_per_step,p.value
week_num,-7.666756683769938,-11.89742897772564,-3.4360843898142335,4.020494756932823e-4
