term,estimate_pp,lower_pp,upper_pp
week2,-2.592729451313283,-11.068259990062803,5.882801087436236
week4,-15.32422801734255,-23.779593233900393,-6.868862800784709
