term,estimate_pp,lower_pp,upper_pp
week2,3.4100644035704493,-5.180889277191639,12.001018084332538
week4,-6.795824246551872,-15.266925668599823,1.675277175496079
