term,estimate_pp_per_step,lower_pp_per_step,upper_pp_per_step,p.value
week_num,-3.4515010598794658,-7.69543679638164,0.7924346766227081,0.11072251435678397
